{
    "points": [{
            "x": 12683424.719966372,
            "y": 2557885.185365967,
            "z": 26,
            "fnum": 1
        }, {
            "x": 12683426.058789892,
            "y": 2557882.8302299143,
            "z": 26,
            "fnum": 1
        }, {
            "x": 12683424.811091267,
            "y": 2557880.8504934884,
            "z": 26,
            "fnum": 1
        }, {
            "x": 12683424.387914414,
            "y": 2557877.9347775434,
            "z": 26,
            "fnum": 1
        }, {
            "x": 12683425.641759392,
            "y": 2557876.6483775824,
            "z": 26,
            "fnum": 1
        }, {
            "x": 12683427.155793173,
            "y": 2557874.507903562,
            "z": 26,
            "fnum": 1
        }, {
            "x": 12683426.398919001,
            "y": 2557869.6238507954,
            "z": 26,
            "fnum": 1
        }, {
            "x": 12683429.619599992,
            "y": 2557867.3317160057,
            "z": 26,
            "fnum": 1
        }, {
            "x": 12683433.870244397,
            "y": 2557868.827596099,
            "z": 26,
            "fnum": 1
        }, {
            "x": 12683437.532256726,
            "y": 2557871.5613475605,
            "z": 26,
            "fnum": 1
        }, {
            "x": 12683439.769108804,
            "y": 2557871.092643042,
            "z": 26,
            "fnum": 1
        }, {
            "x": 12683441.113114143,
            "y": 2557874.0667860936,
            "z": 26,
            "fnum": 1
        },
        {
            "x": 12683440.865133954,
            "y": 2557873.2177782673,
            "z": 26,
            "fnum": 1
        }, {
            "x": 12683441.627268367,
            "y": 2557870.0770305027,
            "z": 26,
            "fnum": 1
        }, {
            "x": 12683446.503550138,
            "y": 2557868.9744503805,
            "z": 26,
            "fnum": 1
        }, {
            "x": 12683450.132003903,
            "y": 2557870.1598302154,
            "z": 26,
            "fnum": 1
        }, {
            "x": 12683454.636647716,
            "y": 2557867.698125643,
            "z": 26,
            "fnum": 1
        }, {
            "x": 12683456.808539584,
            "y": 2557869.8818324585,
            "z": 26,
            "fnum": 1
        }, {
            "x": 12683462.56253651,
            "y": 2557868.474087202,
            "z": 26,
            "fnum": 1
        }, {
            "x": 12683466.88967045,
            "y": 2557865.392996569,
            "z": 26,
            "fnum": 1
        }, {
            "x": 12683467.144720772,
            "y": 2557864.131309511,
            "z": 26,
            "fnum": 1
        }
    ]
}